,movie_link,movie_id,review_date,critic_publication,critic_icon,critic_top,critic_score,review_content
0,https://www.rottentomatoes.com/m/the_hunger,/m/13123,07/05/2019,Father Son Holy Gore,fresh,,4.5/5,"With style and a proper helping of eroticism and blood, The Hunger gnashes its way by the teeth into that upper echelon, the pantheon of great vampire movies."
1,https://www.rottentomatoes.com/m/the_hunger,/m/13123,19/02/2019,Alexander On Film,fresh,,,"We know that the hunger of the title isn’t just a hunger for blood, it’s a hunger to hold on to life, to love, to all of those moments that make us what we are, in that brief period of our lives that we shine, when we are at our best."
2,https://www.rottentomatoes.com/m/the_hunger,/m/13123,26/09/2016,Butaca Ancha,fresh,,,"A film with legendary cast and photograph. Underestimated at the time, but like any other cult movies, was able to find its audience. [Full review in Spanish]"
3,https://www.rottentomatoes.com/m/the_hunger,/m/13123,24/06/2013,Antagony & Ecstasy,fresh,,8/10,"As good a horror film in the most pure, rarefied sense of ""horror"" that the '80s produced in English."
4,https://www.rottentomatoes.com/m/the_hunger,/m/13123,14/05/2013,Mania.com,fresh,,B,"Vampire movies were always cool, but it took The Hunger to make them modern."
5,https://www.rottentomatoes.com/m/the_hunger,/m/13123,08/03/2011,Common Sense Media,rotten,,2/5,"Bloody lesbian-vampire story is stylish, but no Twilight."
6,https://www.rottentomatoes.com/m/the_hunger,/m/13123,07/04/2009,PopMatters,fresh,,9/10,"The focus of Hunger is emphatically the death of Bobby Sands, specifically, what happens to his body, viewed from a tragic outside and, to an imaginative extent, a determined inside."
7,https://www.rottentomatoes.com/m/the_hunger,/m/13123,18/11/2008,Austin Chronicle,rotten,,,"More style than substance, and perhaps simply an excuse to get Denueve and Susan Sarandon, Miriam's post-Bowie love, in bed together."
8,https://www.rottentomatoes.com/m/the_hunger,/m/13123,18/11/2008,TV Guide,rotten,,2.5/4,"A slick, largely empty visual exercise with vague thematic overtones about a clash between American and European culture."
9,https://www.rottentomatoes.com/m/the_hunger,/m/13123,18/11/2008,Variety,fresh,Top Critic,,"In his feature debut, director Tony Scott, brother of Ridley, exhibits the same penchant for eleborate art direction, minimal, humorless dialog and shooting in smoky rooms."
10,https://www.rottentomatoes.com/m/the_hunger,/m/13123,04/11/2007,ColeSmithey.com,fresh,,4/5,Deneuve and Sarandon are something else.
11,https://www.rottentomatoes.com/m/the_hunger,/m/13123,24/06/2006,Time Out,fresh,Top Critic,,"Visual sensualities will have a feast, but you'll have to read Whitley Strieber's novel if you don't want to emerge with a badly scratched head."
12,https://www.rottentomatoes.com/m/the_hunger,/m/13123,04/11/2005,Boulder Weekly,rotten,,2/5,
13,https://www.rottentomatoes.com/m/the_hunger,/m/13123,21/10/2005,Fantastica Daily,rotten,,2/5,
14,https://www.rottentomatoes.com/m/the_hunger,/m/13123,18/12/2004,EmanuelLevy.Com,fresh,,4/5,
15,https://www.rottentomatoes.com/m/the_hunger,/m/13123,16/12/2004,Reno Gazette-Journal,rotten,,D-,Nearly unwatchable lesbian vampire flick.
16,https://www.rottentomatoes.com/m/the_hunger,/m/13123,23/10/2004,Chicago Sun-Times,rotten,Top Critic,1.5/4,"The Hunger is an agonizingly bad vampire movie, circling around an exquisitely effective sex scene. Sorry, but that's the way it is, and your reporter has to be honest."
17,https://www.rottentomatoes.com/m/the_hunger,/m/13123,12/10/2004,Slant Magazine,rotten,,2/4,"In The Hunger, like in that ludicrous advertisement for Britney Spears's Curious perfume, sexual desire simply provokes postmodern psychotropic episodes."
18,https://www.rottentomatoes.com/m/the_hunger,/m/13123,30/08/2004,New York Times,fresh,Top Critic,3.5/5,"The movie reeks with chic, but never, for one minute, takes itself too seriously, nor does it ever slop over into camp."
19,https://www.rottentomatoes.com/m/the_hunger,/m/13123,20/08/2004,Spirituality and Practice,rotten,,2/5,Style over substance in this vampire drama.
20,https://www.rottentomatoes.com/m/the_hunger,/m/13123,02/07/2004,"F5 (Wichita, KS)",fresh,,3/5,
21,https://www.rottentomatoes.com/m/the_hunger,/m/13123,30/03/2004,Film4,rotten,,,"Director Scott spends more time on the visuals than plot and character development, so don't expect to understand much, but do enjoy the luxurious interior decor and eye-candy sunsets."
22,https://www.rottentomatoes.com/m/the_hunger,/m/13123,21/01/2004,New Times,fresh,,4/5,"One scene, any scene, renders Hot Topic wannabes irrelevant."
23,https://www.rottentomatoes.com/m/the_hunger,/m/13123,19/03/2003,"Mountain Xpress (Asheville, NC)",fresh,,3/5,"Slick, but superficial vampire flick that finally collapses on itself."
24,https://www.rottentomatoes.com/m/the_hunger,/m/13123,30/01/2003,"The Coast (Halifax, Nova Scotia)",rotten,,2/5,
25,https://www.rottentomatoes.com/m/the_hunger,/m/13123,24/01/2003,Arkansas Democrat-Gazette,fresh,,4/5,
26,https://www.rottentomatoes.com/m/the_hunger,/m/13123,26/09/2002,Filmcritic.com,rotten,,3/5,Tepid vampire fare is really notable only for being Tony Scott's first major movie and for its steamy love scene between Catherine Deneuve and Susan Sarandon.
27,https://www.rottentomatoes.com/m/the_hunger,/m/13123,29/07/2002,Kalamazoo Gazette,fresh,,3/5,"""influential Goth/lesbian/vampire love story"""
28,https://www.rottentomatoes.com/m/the_hunger,/m/13123,26/07/2002,eFilmCritic.com,rotten,,2/5,"Half silly, half sexy. And mostly boring."
29,https://www.rottentomatoes.com/m/the_hunger,/m/13123,01/01/2000,Chicago Reader,rotten,Top Critic,,"The obsessive conjunction of lesbian sex and flowing blood suggests a deep-seated misogyny, but neither this nor any other theme is registered with enough clarity to offend."
30,https://www.rottentomatoes.com/m/the_hunger,/m/13123,01/01/2000,Ozus' World Movie Reviews,rotten,,C,The Hunger left me craving for a more filling movie.
31,https://www.rottentomatoes.com/m/quick_change,/m/136191729,18/09/2017,Ozus' World Movie Reviews,fresh,,B,"A funny, quirky and engaging very NYC dark comedy."
32,https://www.rottentomatoes.com/m/quick_change,/m/136191729,15/07/2016,Flavorwire,fresh,,,"Plenty of '80s comedies would've just ridden the clown-robbing-a-bank premise for 90 minutes. Instead, 'Quick Change' tosses off its twist twenty minutes in, discovering that the real achievement is not knocking off a bank, but getting out of New York."
33,https://www.rottentomatoes.com/m/quick_change,/m/136191729,29/12/2015,eFilmCritic.com,fresh,,5/5,"Smarter, even more literate, than it needs to be."
34,https://www.rottentomatoes.com/m/quick_change,/m/136191729,16/07/2015,House Next Door,fresh,,,Quick Change requires a leap of faith from the audience.
35,https://www.rottentomatoes.com/m/quick_change,/m/136191729,07/09/2011,Entertainment Weekly,rotten,Top Critic,C+,
36,https://www.rottentomatoes.com/m/quick_change,/m/136191729,16/07/2010,BrianOrndorf.com,fresh,,A-,"Easily a top-five career highlight for Bill Murray, Quick Change is a comedy jewel, squeezing a rare amount of mileage out of its fickle star, who appears atypically invested in the picture's mechanics."
37,https://www.rottentomatoes.com/m/quick_change,/m/136191729,18/10/2008,Newsweek,fresh,Top Critic,,"The movie has a comfy, lived-in feel; it doesn't beat you over the head for laughs, or take its horrors-of-New York theme too seriously. Smile and enjoy."
38,https://www.rottentomatoes.com/m/quick_change,/m/136191729,05/10/2008,TIME Magazine,rotten,Top Critic,,"[Murray's] glancing, genial sarcasm buoys the action for the first half-hour. Then this caper comedy sinks into a puddle of urban rancor."
39,https://www.rottentomatoes.com/m/quick_change,/m/136191729,05/10/2008,TV Guide,fresh,,3/4,"After piquing our curiosity, Murray and Franklin skillfully let us in on the scheme and slowly reveal the nature of the three characters at the center of it."
40,https://www.rottentomatoes.com/m/quick_change,/m/136191729,05/10/2008,Variety,fresh,Top Critic,,"Neither ambitious nor particularly memorable, but it's brought off with a sly flair that makes it most enjoyable."
41,https://www.rottentomatoes.com/m/quick_change,/m/136191729,05/10/2008,Film4,fresh,,,"From the opening scenes with Murray dressed as a clown for the robbery and playing his cynical, wise-cracking card to great effect, to the trio pitting themselves against the whims of New York City, this is breathtaking and inventive stuff."
42,https://www.rottentomatoes.com/m/quick_change,/m/136191729,21/12/2006,Dispatch-Tribune Newspapers,fresh,,3/5,"Funny fluff featuring clowns, a bank robbery, and Bill Murray."
43,https://www.rottentomatoes.com/m/quick_change,/m/136191729,24/06/2006,Time Out,fresh,Top Critic,,"Not likely to set the world alight, but a neat and engaging little comedy of bad manners."
44,https://www.rottentomatoes.com/m/quick_change,/m/136191729,23/02/2006,Combustible Celluloid,fresh,,,"Inventively sinister, endlessly hilarious dark comedy."
45,https://www.rottentomatoes.com/m/quick_change,/m/136191729,22/08/2005,Film Freak Central,fresh,,3/5,
46,https://www.rottentomatoes.com/m/quick_change,/m/136191729,08/08/2005,"The Coast (Halifax, Nova Scotia)",fresh,,4/5,
47,https://www.rottentomatoes.com/m/quick_change,/m/136191729,25/06/2005,EmanuelLevy.Com,rotten,,2/5,
48,https://www.rottentomatoes.com/m/quick_change,/m/136191729,30/08/2004,New York Times,rotten,Top Critic,,There is not much in Quick Change that hasn't been anticipated by Neil Simon and beaten to death by countless imitators. Mr. Murray's film is at the worn-out end of this bloodline.
49,https://www.rottentomatoes.com/m/quick_change,/m/136191729,08/04/2004,Lowell Sun,fresh,,4/5,
50,https://www.rottentomatoes.com/m/quick_change,/m/136191729,19/03/2004,"F5 (Wichita, KS)",fresh,,3/5,
51,https://www.rottentomatoes.com/m/quick_change,/m/136191729,22/08/2003,Las Vegas Review-Journal,fresh,,4/5,
52,https://www.rottentomatoes.com/m/quick_change,/m/136191729,20/03/2003,eFilmCritic.com,fresh,,3/5,"Amusing comedy with a great, subdued performance by Murray. Runs out of steam too soon, though."
53,https://www.rottentomatoes.com/m/quick_change,/m/136191729,11/12/2002,Billings Outpost (Montana),fresh,,4/5,
54,https://www.rottentomatoes.com/m/quick_change,/m/136191729,02/12/2002,Bryant Frazer's Deep Focus,fresh,,3/5,
55,https://www.rottentomatoes.com/m/quick_change,/m/136191729,08/08/2002,Urban Tulsa Weekly,fresh,,3/5,
56,https://www.rottentomatoes.com/m/quick_change,/m/136191729,26/07/2002,eFilmCritic.com,fresh,,4/5,
57,https://www.rottentomatoes.com/m/quick_change,/m/136191729,12/05/2001,Rolling Stone,rotten,Top Critic,,Bill Murray dresses up as a clown to take hostages and rob a New York bank. Funny? Guess again.
58,https://www.rottentomatoes.com/m/quick_change,/m/136191729,01/01/2000,rec.arts.movies.reviews,fresh,,+1,"By blurring the foreground characters and focusing on the background, New York City becomes the real main character of the film until the script falters near the end and Murray once again reclaims the audience's attention."
59,https://www.rottentomatoes.com/m/quick_change,/m/136191729,01/01/2000,Washington Post,fresh,Top Critic,,"Despite the fact that Change lags and lopes along toward an inevitable, trite conclusion, it also leaves itself wide open for funny moments."
60,https://www.rottentomatoes.com/m/quick_change,/m/136191729,01/01/2000,Washington Post,fresh,Top Critic,,"A randomly, raggedly funny look at the personal cost of being one with the hustling, clamorous crowd."
61,https://www.rottentomatoes.com/m/quick_change,/m/136191729,01/01/2000,Deseret News (Salt Lake City),fresh,,3/4,A delightful romp that generously allows the unknowns who dot the large supporting cast to garner the biggest laughs.
62,https://www.rottentomatoes.com/m/quick_change,/m/136191729,01/01/2000,Chicago Sun-Times,fresh,Top Critic,3/4,At least something works often enough that the movie announces Bill Murray is back and is funny again.
63,https://www.rottentomatoes.com/m/quick_change,/m/136191729,13/07/1990,Entertainment Weekly,rotten,Top Critic,C+,
64,https://www.rottentomatoes.com/m/cars_3,/m/771432063,05/02/2020,Planet S Magazine,fresh,,3/5,"Cars 3 offers a rare twist ending for a Pixar movie, one I failed to see coming. I guess old cars can learn new tricks."
65,https://www.rottentomatoes.com/m/cars_3,/m/771432063,04/02/2020,Raising Whasians,fresh,,,"Kids and parents alike will find lots of great messages about following dreams, goals, roots, and wings."
66,https://www.rottentomatoes.com/m/cars_3,/m/771432063,24/01/2020,Sarah's Backstage Pass,fresh,,3/4,Fans of the franchise will be relieved...
67,https://www.rottentomatoes.com/m/cars_3,/m/771432063,11/01/2020,Punch Drunk Critics,fresh,,4/5,"Overall I really like Cars 3 a ton. It has a lot of heart and deals with age, sports and even women in athletics, especially racing very well. I think it's a solid release and hopefully families really enjoy it."
68,https://www.rottentomatoes.com/m/cars_3,/m/771432063,06/08/2019,FlickDirect,fresh,,3/5,"Better than the second film but not as good as the first, Cars 3 is still an uplifting story that will probably resonate with little kids."
69,https://www.rottentomatoes.com/m/cars_3,/m/771432063,05/08/2019,Boulder Weekly,fresh,,,Tackling the generational divide.
70,https://www.rottentomatoes.com/m/cars_3,/m/771432063,20/06/2019,Film Frenzy,rotten,,2.5/4,"Resolutely sweet-natured and marked by some compelling visuals, Cars 3 is still the weakest of the trio."
71,https://www.rottentomatoes.com/m/cars_3,/m/771432063,04/06/2019,"The Dispatch (Lexington, NC)",fresh,,2.5/4,"Short and sweet, but it feels strangely inconsequential."
72,https://www.rottentomatoes.com/m/cars_3,/m/771432063,21/05/2019,Bleeding Cool,rotten,,5.5/10,It has a great ending with a killer message but the entire thing doesn't quite fit together. There are problems that can't be overlooked.
73,https://www.rottentomatoes.com/m/cars_3,/m/771432063,24/04/2019,Screen Junkies,rotten,,,I don't think this is a movie you have to see in the theater unless you have a strong attachment to this franchise.
74,https://www.rottentomatoes.com/m/cars_3,/m/771432063,21/03/2019,The Express Tribune (Pakistan),fresh,,3/5,"There are plenty of cute moments and spectacular visuals and lots more merchandising opportunities, but there are also parts that aren't quite convincing."
75,https://www.rottentomatoes.com/m/cars_3,/m/771432063,09/03/2019,The Sun Daily (Malaysia),fresh,,,"Sadly, it still lacks the heart of the first movie, which had an ending that left a lump in your throat. Nonetheless, it is still fun, and should please fans of the series."
76,https://www.rottentomatoes.com/m/cars_3,/m/771432063,01/03/2019,One Room With A View,fresh,,3/5,"It's B-grade Pixar; it may be imbued with topical themes, yet individual moments shine brighter than the faltering whole."
77,https://www.rottentomatoes.com/m/cars_3,/m/771432063,21/02/2019,Rachel's Reviews (YouTube),fresh,,7/10,If you already like the franchise then you will like it.
78,https://www.rottentomatoes.com/m/cars_3,/m/771432063,12/02/2019,The Maine Edge,fresh,,4/5,"No, Cars 3 isn't particularly sophisticated, no film featuring Larry the Cable Guy ever could be, but it is sweet and fun."
79,https://www.rottentomatoes.com/m/cars_3,/m/771432063,30/01/2019,The Jam Report,fresh,,3/5,Cars 3 can't match the ingenious originality of many of its fellow Pixar classmates but still manages to deliver enjoyable kid-friendly entertainment and a more emotionally mature experience than the two films preceding it.
80,https://www.rottentomatoes.com/m/cars_3,/m/771432063,20/12/2018,Screen Zealots,fresh,,3/5,"If you're looking for the usual fluffy crowd pleaser from Pixar, this isn't it."
81,https://www.rottentomatoes.com/m/cars_3,/m/771432063,08/12/2018,Colbybryant.com,fresh,,6.5/10,"An existential crisis ... when someone only knows one thing and the world takes that away ... , what do they do next? That sounds like a great film, and Cars 3 mostly is."
82,https://www.rottentomatoes.com/m/cars_3,/m/771432063,11/11/2018,Alternative Lens,fresh,,6.5/10,"The story and characters are fairly stock and predictable, but the new flairs it adds are much welcomed and give its final moments something approaching brilliant."
83,https://www.rottentomatoes.com/m/cars_3,/m/771432063,09/11/2018,Substream Magazine,fresh,,3/5,"As a return to form the film succeeds admirably; it's just that the original form was too shallow to support further installments. Cars 3 outstripped its predecessor by many laps, but it was hampered by a slow story with a predictable end..."
84,https://www.rottentomatoes.com/m/cars_3,/m/771432063,04/11/2018,Geek,fresh,,2.5,Probably the best of the Cars movies.
85,https://www.rottentomatoes.com/m/cars_3,/m/771432063,03/11/2018,F This Movie!,rotten,,2.5/5,Feels a little like Pixar pondering its own legacy.
86,https://www.rottentomatoes.com/m/cars_3,/m/771432063,31/10/2018,FanboyNation.com,fresh,,3.5/5,A pure Pixar delight.
87,https://www.rottentomatoes.com/m/cars_3,/m/771432063,30/10/2018,Insider,fresh,,B-,"""Cars 3""... is no ""Wall-E"" or ""Up,"" but it's not ""The Good Dinosaur"" either. Pixar delivers a pretty straight-forward, predictable, and safe followup that brings the franchise back to its racing roots."
88,https://www.rottentomatoes.com/m/cars_3,/m/771432063,16/10/2018,Schmoes Know,fresh,,3.2/5,"The story was a little more derivative than I would've wanted for a Pixar movie, but I found so much of the scenery and car chases to be thrilling...I still enjoyed enough of Cars 3."
89,https://www.rottentomatoes.com/m/cars_3,/m/771432063,16/10/2018,Schmoes Know,rotten,,2.5/5,"So unoriginal, and it's dull, but I don't disagree with the visuals..."
90,https://www.rottentomatoes.com/m/cars_3,/m/771432063,10/10/2018,InSession Film,fresh,,A-,Imagine the shock when McQueen ends his third run with a blazing podium finish.
91,https://www.rottentomatoes.com/m/cars_3,/m/771432063,30/08/2018,Rendy Reviews,fresh,,3.5/5,A marginal improvement over its predecessor for the charm and heart that is both poignant and mature.
92,https://www.rottentomatoes.com/m/cars_3,/m/771432063,24/08/2018,Gwinnett Daily Post (GA),fresh,,3/4,"Like McQueen, ""Cars 3"" surprises with some race maneuvers it hasn't needed to use before and shows that there's plenty of heart left under the hood at Pixar, sequel or no."
93,https://www.rottentomatoes.com/m/cars_3,/m/771432063,22/08/2018,"Daily Journal (Kankakee, IL)",rotten,,2/4,"What ""Cars 3"" needs is cutting. It seems to have taken the long way home with too many dull pit stops along the way."
94,https://www.rottentomatoes.com/m/cars_3,/m/771432063,13/06/2018,Black Nerd Problems,fresh,,,"Cars 3 is The Fast and furious back when it was strictly about being fast and furious, please believe me."
95,https://www.rottentomatoes.com/m/cars_3,/m/771432063,03/05/2018,Jamaica Gleaner,fresh,,,"The decency of the first film was undercut by the second film's inadequacy. This film, however, builds upon the best elements of the series, providing perhaps the most heartfelt of the trilogy."
96,https://www.rottentomatoes.com/m/cars_3,/m/771432063,10/04/2018,Rappler,rotten,,,"It is a hodgepodge of inspirational films and in all its earnest effort to be simply pleasant, it forgets to be thoroughly enjoyable."
97,https://www.rottentomatoes.com/m/cars_3,/m/771432063,10/04/2018,The Herald (Scotland),fresh,,3/5,"It's the usual stuff in praise of teamwork and good guys finishing first, but it's crammed with crashes, bashes and familiar characters, and young petrol-heads will love it."
98,https://www.rottentomatoes.com/m/cars_3,/m/771432063,05/03/2018,LarsenOnFilm,rotten,,1.5,...the first Pixar movie to feel tedious.
99,https://www.rottentomatoes.com/m/cars_3,/m/771432063,22/02/2018,Black Nerd Comedy,fresh,,,"It's a decent film. It's not bad, it's not good. If you have kids, it's a good family flick."
100,https://www.rottentomatoes.com/m/cars_3,/m/771432063,26/01/2018,JeremyJahns.com,rotten,,,I walked out of this movie tired.
101,https://www.rottentomatoes.com/m/cars_3,/m/771432063,16/01/2018,Family Home Theater,fresh,,B,For the first 15 minutes or so Cars 3 seems like a dash-for-the-cash affair. Then Disney does what they do best: they get viewers emotionally involved with the characters.
102,https://www.rottentomatoes.com/m/cars_3,/m/771432063,28/12/2017,CineVue,fresh,,3/5,"It's a fun film set in a vivid world with not one but two characters who, by the end, have learnt some real lessons and had some fun along the way."
103,https://www.rottentomatoes.com/m/cars_3,/m/771432063,06/12/2017,Cinema Sight,fresh,,3/4,"Pixar's sequels haven't always been up to their usual standard; however, ""Cars 3"" finally takes a step up after a thoroughly uncharacteristic predecessor."
104,https://www.rottentomatoes.com/m/cars_3,/m/771432063,05/12/2017,Flickering Myth,fresh,,3/5,"In beautiful fashion, McQueen essentially uses his ego to boost the near nonexistent confidence of Cruz and her aspirations of becoming a racer"
105,https://www.rottentomatoes.com/m/cars_3,/m/771432063,01/12/2017,Clarín,fresh,,,Cars 3... returns to roads already traveled. [Full review in Spanish]
106,https://www.rottentomatoes.com/m/cars_3,/m/771432063,20/11/2017,Starburst,fresh,,10/10,"If you think it's just another Pixar film, then you're right, it absolutely is. And that's what makes it so wonderful and so worth having."
107,https://www.rottentomatoes.com/m/cars_3,/m/771432063,20/11/2017,Culturess,fresh,,,Cars 3 is a decent reconstituted Rocky with a bizarre faux feminist subplot and beautiful animation.
108,https://www.rottentomatoes.com/m/cars_3,/m/771432063,14/11/2017,Cinemanía (Spain),rotten,,2/5,The worst installment of the worst Pixar franchise. [Full review in Spanish]
109,https://www.rottentomatoes.com/m/cars_3,/m/771432063,04/11/2017,Fresh Fiction,rotten,,C-,"It's a sparkling scenic ride with its gorgeous animation, and possibly the best of the series (yes, it's a low bar), but the story falls short of true glory."
110,https://www.rottentomatoes.com/m/cars_3,/m/771432063,20/10/2017,The Times of India,fresh,,3.5/5,"Owen Wilson is cheerful as Lightning McQueen, enough to watch him running around in circles on and off a race track."
111,https://www.rottentomatoes.com/m/cars_3,/m/771432063,05/10/2017,The Mail on Sunday (UK),rotten,,2/5,"The background animation is stunning but Brian Fee, who steps up from storyboard artist to both direct and co-write for the first time, delivers a story that too often falls flat, has too many new characters and not enough old favourites."
112,https://www.rottentomatoes.com/m/cars_3,/m/771432063,19/09/2017,The New Paper (Singapore),fresh,,3/5,"There is also much heart and humour, making this a satisfying and nostalgic last ride."
113,https://www.rottentomatoes.com/m/cars_3,/m/771432063,30/08/2017,The Straits Times (Singapore),rotten,,2.5/5,"The acceptance arrives in a too-tidy conclusion, which gives him his cake and lets him eat it too. That is, if cars could eat."
114,https://www.rottentomatoes.com/m/cars_3,/m/771432063,30/08/2017,Alternate Ending,fresh,,3/5,Cars 3 could be a lot worse. We know that. We already had Cars 2.
115,https://www.rottentomatoes.com/m/cars_3,/m/771432063,11/08/2017,Irish Times,fresh,,3/5,"Cars 3, which picks up where the first, perfectly adequate, film left off, is by far the best instalment in the series."
116,https://www.rottentomatoes.com/m/cars_3,/m/771432063,11/08/2017,3AW,fresh,,3/5,"As usual with Pixar, the film looks like a moving work of digital art, though its inordinate length might test the patience of six year olds who will love the brilliantly staged action but not all the exposition-heavy dialogue."
117,https://www.rottentomatoes.com/m/cars_3,/m/771432063,01/08/2017,"Quad City Times (Davenport, IA)",fresh,,3/4,'Cars 3' fires on all cylinders.
118,https://www.rottentomatoes.com/m/cars_3,/m/771432063,30/07/2017,ABC Radio Brisbane,fresh,,B+,It comes together beautifully in the closing half-hour with a finale that will satisfy audiences while also offering a few surprising twists.
119,https://www.rottentomatoes.com/m/cars_3,/m/771432063,21/07/2017,Contactmusic.com,fresh,,3.5/5,"While the issue of this contrived world continues to niggle (a herd of mooing tractors?), the comedy and energy will keep audiences entertained."
120,https://www.rottentomatoes.com/m/cars_3,/m/771432063,17/07/2017,Sunday Independent (Ireland),rotten,,2/5,"It's unlikely that this will be the only review to drop this pun, but the biggest feeling we are left with by this third Cars instalment is one of being down this road before."
121,https://www.rottentomatoes.com/m/cars_3,/m/771432063,17/07/2017,Sunday Times (UK),rotten,,2/5,"There's not enough wit in Brian Fee's film, however, to make it one that has to be seen, or one that really had to be made."
122,https://www.rottentomatoes.com/m/cars_3,/m/771432063,16/07/2017,Daily Express (UK),fresh,,3/5,The tills in the Disney Stores should keep ringing ... thanks to a string of slick and moderately exciting racing scenes.
123,https://www.rottentomatoes.com/m/cars_3,/m/771432063,16/07/2017,Observer (UK),rotten,,2/5,"It's a colourful, spry enough ride, but it doesn't exactly reinvent the wheel."
124,https://www.rottentomatoes.com/m/cars_3,/m/771432063,15/07/2017,El Mundo (Spain),rotten,,2/5,"The protagonist is punished for his arrogance and rewarded for his eagerness to overcome. That is to say, abounding episodes and dialogues moralizing rather than humorous, again in charge of secondary characters. [Full review in Spanish]"
125,https://www.rottentomatoes.com/m/cars_3,/m/771432063,15/07/2017,Irish Independent,fresh,,3/5,"There's a nice twist involving a female car called Cruz, and the animation in the racing sequences is very good."
126,https://www.rottentomatoes.com/m/cars_3,/m/771432063,15/07/2017,Espinof,rotten,,,"A movie that doesn't bother, but it does not bring anything memorable and that, although little bit, does not even reach the level of the first. [Full review in Spanish]"
127,https://www.rottentomatoes.com/m/cars_3,/m/771432063,14/07/2017,Indie London,fresh,,3/5,"The third film in Disney-Pixar's Cars franchise is a back-to-basics journey of sorts, which reverts back to a more old-fashioned style of storytelling while also still managing to embrace some contemporary thinking."
128,https://www.rottentomatoes.com/m/cars_3,/m/771432063,14/07/2017,RTÉ (Ireland),fresh,,3.5/5,"Cars 2 clocked up penalty points from critics after 2011's poorly received outing. Luckily, Pixar's third chapter in the franchise has just enough fuel to stay in the race."
129,https://www.rottentomatoes.com/m/cars_3,/m/771432063,14/07/2017,Little White Lies,fresh,Top Critic,3/5,Nothing exceptional but I am still moved just thinking about that ending.
130,https://www.rottentomatoes.com/m/cars_3,/m/771432063,14/07/2017,Flick Filosopher,rotten,,2/5,"Three movies in, and this world of sentient driverless cars still creeps me out, and still does nothing except advertise a mountain of related merch for kids."
131,https://www.rottentomatoes.com/m/cars_3,/m/771432063,14/07/2017,Sky Cinema,fresh,,3/5,"It's shiny, kid-friendly fun - just don't expect it to tug on the heartstrings, or live particularly long in the memory."
132,https://www.rottentomatoes.com/m/cars_3,/m/771432063,14/07/2017,Radio Times,fresh,,4/5,A welcome return to the winners' podium.
133,https://www.rottentomatoes.com/m/cars_3,/m/771432063,14/07/2017,London Evening Standard,fresh,Top Critic,3/5,"If you can detach your noggin from the proceedings, there are definitely bright spots."
134,https://www.rottentomatoes.com/m/cars_3,/m/771432063,14/07/2017,Daily Mail (UK),fresh,,3/5,It took only minutes before I was going 'Awwww!' at Lightning's insecurities about growing old and being overtaken by arrogant youngsters (we've all been there).
135,https://www.rottentomatoes.com/m/cars_3,/m/771432063,13/07/2017,Times (UK),rotten,Top Critic,2/5,A movie that aims to reach the hearts and minds of its pre-teen target demographic with a tale about the perils of retirement.
136,https://www.rottentomatoes.com/m/cars_3,/m/771432063,13/07/2017,Otroscines.com,fresh,,4/5,The new proposal of Pixar-Disney recovers the sensitivity and solidity of the first delivery of this popular and unjustly despised saga. [Full review in Spanish]
137,https://www.rottentomatoes.com/m/cars_3,/m/771432063,13/07/2017,Fotogramas,fresh,,3/5,"Despite not being at the height that Pixar has accustomed us, it's a dynamic and competent film. [Full review in Spanish]"
138,https://www.rottentomatoes.com/m/cars_3,/m/771432063,13/07/2017,The Sun (UK),fresh,,3/5,"This has everything required to keep fans sated and deals with Lightning McQueen getting old in a nice way, but it feels like filler to sell toys."
139,https://www.rottentomatoes.com/m/cars_3,/m/771432063,13/07/2017,Sensacine,fresh,,3/5,"Cars 3 has some pure marketing operation, but works as entertainment with substance and inspirational message. [Full review in Spanish]"
140,https://www.rottentomatoes.com/m/cars_3,/m/771432063,13/07/2017,Daily Telegraph (UK),fresh,,4/5,Its plot ... blossoms into something more profound than the Rocky sequel-esque comeback yarn you initially expect.
141,https://www.rottentomatoes.com/m/cars_3,/m/771432063,13/07/2017,Guardian,rotten,Top Critic,2/5,"Cars 3 could make a rental download for a rainy family holiday, but the imaginative spark has gone."
142,https://www.rottentomatoes.com/m/cars_3,/m/771432063,12/07/2017,Independent (UK),fresh,,3/5,Cars 3 itself is a sprightly and likeable film because it shares Lightning's self-effacing qualities and his nostalgic fondness for looking at life through the rear view mirror.
143,https://www.rottentomatoes.com/m/cars_3,/m/771432063,11/07/2017,South China Morning Post,fresh,,3.5/5,"The racing scenes are played surprisingly straight, and are thrilling examples of animated sports."
144,https://www.rottentomatoes.com/m/cars_3,/m/771432063,10/07/2017,Konexión,fresh,,6/10,"Brian Free presents us his debut film, and as such, gives us a result that is superior to the second movie, but not as entertaining as the first one. [Full review in Spanish]"
145,https://www.rottentomatoes.com/m/cars_3,/m/771432063,10/07/2017,TheShiznit.co.uk,fresh,,3/5,"A final act plot point shows the only sign that this franchise has matured beyond its original 'heh, talking cars' premise, but it takes a lot of autopiloting to get there."
146,https://www.rottentomatoes.com/m/cars_3,/m/771432063,10/07/2017,The Atlantic,rotten,Top Critic,,"Corporate synergy, as they say, is a cruel mistress."
147,https://www.rottentomatoes.com/m/cars_3,/m/771432063,09/07/2017,Reel Film Reviews,rotten,,2/4,The Cars saga comes to an apparent close with this hopelessly ineffective and fairly superfluous entry...
148,https://www.rottentomatoes.com/m/cars_3,/m/771432063,03/07/2017,Cinemixtape,fresh,,3/5,"Between its wonderful voice performances and eye-popping animation, there isn't too much to complain about, especially as a follow-up to Pixar's nadir."
149,https://www.rottentomatoes.com/m/cars_3,/m/771432063,03/07/2017,MovieCrypt.com,fresh,,3/4,"There is no perfect plan for growing old, but giving up is still up to you. Good movie; great message."
150,https://www.rottentomatoes.com/m/cars_3,/m/771432063,30/06/2017,Daily Trend (Mexico),fresh,,7/10,Cars 3 is revealed as a logical next step that serves to introduce children to sports drama. [Full review in Spanish]
151,https://www.rottentomatoes.com/m/cars_3,/m/771432063,30/06/2017,Christianity Today,fresh,,,"The movie is standard narrative fare, presented in a thoughtful, visually compelling way. Cars 3 is not trying to be innovative, and that is the central part of its appeal."
152,https://www.rottentomatoes.com/m/cars_3,/m/771432063,30/06/2017,Starburst,fresh,,7/10,If you thought the previous films were entertaining and harmless fun then you'll think this one is much the same.
153,https://www.rottentomatoes.com/m/cars_3,/m/771432063,29/06/2017,La Nación (Costa Rica),rotten,,,"This is a half-tank animated film, which risks boring children more than adults. [Full review in Spanish]"
154,https://www.rottentomatoes.com/m/cars_3,/m/771432063,29/06/2017,Vanguardia (Mexico),fresh,,7/10,"Of course it's not at the same level of Pixar's best works and feels loose a lot of the time, but it's beautifully animated and quite entertaining. [Full review in Spanish]"
155,https://www.rottentomatoes.com/m/cars_3,/m/771432063,29/06/2017,Daily Telegraph (Australia),fresh,,3/5,"The route the filmmakers take might be familiar, but after gunning it, they take the corners like pros."
156,https://www.rottentomatoes.com/m/cars_3,/m/771432063,28/06/2017,Willamette Week,fresh,,4/4,It's Pixar's gift for imbuing inanimate objects with humanity that makes you care when Cruz and Lightning lean into the curves.
157,https://www.rottentomatoes.com/m/cars_3,/m/771432063,28/06/2017,HeyUGuys,fresh,,2/5,"Serviceable sequel, which finds some of the spirit the first two films lacked, but ultimately not up to Pixar's high standards."
158,https://www.rottentomatoes.com/m/cars_3,/m/771432063,27/06/2017,Cinéfiloz,fresh,,3/5,"It took Pixar three movies and billions of dollars in merchandising, but Cars is finally a title worthy of this label. [Full review in Spanish]"
159,https://www.rottentomatoes.com/m/cars_3,/m/771432063,26/06/2017,The List,rotten,,2/5,"It's basically one long training montage, from about ten minutes in until ten minutes from the end."
160,https://www.rottentomatoes.com/m/cars_3,/m/771432063,25/06/2017,Flicks.co.nz,fresh,,3/5,Has a trick up its glovebox that makes this film the best of the series.
161,https://www.rottentomatoes.com/m/cars_3,/m/771432063,23/06/2017,Sacramento News & Review,fresh,,3/5,"Whether Lightning's midlife crisis will resonate with the movie's kiddie audience remains to be seen, but Fee and company get points for bringing it up at all."
162,https://www.rottentomatoes.com/m/cars_3,/m/771432063,23/06/2017,Stuff.co.nz,fresh,,2.5/5,"Cars 3 does just enough, late in the day, to be considered an adequate sequel to Cars. And that ending might even pave the way for a Cars 4 I wouldn't mind seeing too much at all."
163,https://www.rottentomatoes.com/m/cars_3,/m/771432063,22/06/2017,Las Vegas Review-Journal,rotten,,C-,"Cars 3 is basically Rocky IV -- minus the geopolitics and that glorious James Brown production number -- with a little of The Karate Kid thrown in, along with pretty much every sports movie cliche ever."
164,https://www.rottentomatoes.com/m/cars_3,/m/771432063,22/06/2017,Film Freak Central,rotten,,2/4,[Pixar has] become just like everyone else. And nothing so very special after all.
165,https://www.rottentomatoes.com/m/cars_3,/m/771432063,22/06/2017,The Oklahoman,fresh,,3/4,"Although it doesn't make it to the top of the Pixar leaderboard, Cars 3 gets the popular racing franchise back on track with a rare third installment that actually improves on the previous models."
166,https://www.rottentomatoes.com/m/cars_3,/m/771432063,22/06/2017,Stuff.co.nz,fresh,,3.5/5,"While it might be a little too serious for some youngsters, there's plenty of action and adventure to keep them entertained."
167,https://www.rottentomatoes.com/m/cars_3,/m/771432063,22/06/2017,Jet Magazine,fresh,,,"Though this third installment in the Cars franchise isn't quite perfect, the gorgeous animation displayed here will leave you astonished."
168,https://www.rottentomatoes.com/m/cars_3,/m/771432063,22/06/2017,New Zealand Herald,fresh,,3/5,"Cars 3 is a much smoother, safer ride [than Cars 2], thanks largely to its addition of a little self-awareness, a few zippy racing sequences, and a lot of wokeness."
169,https://www.rottentomatoes.com/m/cars_3,/m/771432063,22/06/2017,ABC Radio (Australia),rotten,,2/5,It's definitely time to take this franchise to the wreckers.
170,https://www.rottentomatoes.com/m/cars_3,/m/771432063,21/06/2017,NUVO Newsweekly,rotten,,,"Your kids might see this and want a Lightning McQueen lunchbox, but I just want my sense of wonder back and maybe to fight Randy Newman."
171,https://www.rottentomatoes.com/m/cars_3,/m/771432063,21/06/2017,Cinexcepción,fresh,,,"The story offers an invitation to reflect on the issue of harassment or bullying. The abuser has a story that explains his behavior, and knowing it puts us on the path of understanding. With emotion, of course. [Full review in Spanish]"
172,https://www.rottentomatoes.com/m/cars_3,/m/771432063,20/06/2017,Excelsior,fresh,,,"In conclusion, it's not the best of Disney-Pixar, but it's definitely the best one of the saga because of its life metaphors. [Full review in Spanish]"
173,https://www.rottentomatoes.com/m/cars_3,/m/771432063,20/06/2017,En Filme,fresh,,3/5,It doesn't offer anything new but gives us a story about a character struggling to stand on its feet (or tires). [Full review in Spanish]
174,https://www.rottentomatoes.com/m/cars_3,/m/771432063,19/06/2017,MLive.com,fresh,,2.5/4,"A reasonably enjoyable family entertainment, but a middling entry in the Pixar canon."
175,https://www.rottentomatoes.com/m/cars_3,/m/771432063,19/06/2017,Empire Magazine,fresh,,3/5,"By driving back to the core homespun wisdom of Cars, the third film is a course correct from the second. But this is still not vintage Pixar."
176,https://www.rottentomatoes.com/m/cars_3,/m/771432063,18/06/2017,SSG Syndicate,fresh,,6/10,Sentiment reigns as the anthropomorphic vehicles take more laps around the cinematic track.
177,https://www.rottentomatoes.com/m/cars_3,/m/771432063,18/06/2017,The Patriot Ledger,fresh,,B,"""Cars 3"" never fires on all cylinders, but it has considerably more horsepower than the franchise's last chapter"
178,https://www.rottentomatoes.com/m/cars_3,/m/771432063,16/06/2017,ReelViews,fresh,Top Critic,3/4,The final chapter of the trilogy has saved the best for last and will at least deflect the most serious concerns of those who think this series has taken too many extra laps.
179,https://www.rottentomatoes.com/m/cars_3,/m/771432063,16/06/2017,Cinegarage,fresh,,,"Definitely better than its predecessor. The film will delight the little ones, as it's a franchise directed specifically to them. [Full review in Spanish]"
180,https://www.rottentomatoes.com/m/cars_3,/m/771432063,16/06/2017,Illinois Times,fresh,,3.5/4.0,"Lightning strikes again in ""Cars 3."""
181,https://www.rottentomatoes.com/m/cars_3,/m/771432063,16/06/2017,eFilmCritic.com,fresh,,3/5,"Cars 3 may be an improvement and less of a bummer than its predecessors but if this turned out to be the final of the franchise (and I doubt that will be the case), I would not exactly weep over the prospect of never being able to see a Cars 4."
182,https://www.rottentomatoes.com/m/cars_3,/m/771432063,16/06/2017,L.A. Biz,rotten,,,A puzzling progression for a series whose first and biggest fans are kids.
183,https://www.rottentomatoes.com/m/cars_3,/m/771432063,16/06/2017,Hindustan Times,fresh,,4/5,"Cars 3 was the underdog, coming from behind, facing shiny new competition. It was betrayed by its own family, and challenged by Gru. But it saved its best for last. In its final lap, it won. It became the first film in the series Pixar should be proud of."
184,https://www.rottentomatoes.com/m/cars_3,/m/771432063,16/06/2017,Hindustan Times,fresh,,3/5,Aficionados of animated demolition derbies will not be disappointed.
185,https://www.rottentomatoes.com/m/cars_3,/m/771432063,16/06/2017,MovieFreak.com,fresh,,3/4,"Lightning's return to the motor speedway is worthy of appreciation, the film's eventual victory as unexpected as it is absolute."
186,https://www.rottentomatoes.com/m/cars_3,/m/771432063,16/06/2017,Deseret News (Salt Lake City),fresh,,2.5/4,"You probably won't regret taking the kids to Cars 3, but they won't be missing much if you decide to skip it, either."
187,https://www.rottentomatoes.com/m/cars_3,/m/771432063,16/06/2017,San Diego Reader,rotten,Top Critic,1/5,"Onscreen and in the audience, youth will be served."
188,https://www.rottentomatoes.com/m/cars_3,/m/771432063,16/06/2017,The Mary Sue,fresh,,3.5/5,"Is it Toy Story 3 or Finding Dory? No, but it's an effective send-off to the Cars world and a good choice for the family."
189,https://www.rottentomatoes.com/m/cars_3,/m/771432063,16/06/2017,Salt Lake Tribune,fresh,,2.5/4,"There's enough gas in the tank, barely, to give McQueen one last trip to the winner's circle."
190,https://www.rottentomatoes.com/m/cars_3,/m/771432063,16/06/2017,MetroActive,rotten,,,"Children have a lot of anxieties, but being made old, useless and surpassed by the new generation might not quite be one of them."
191,https://www.rottentomatoes.com/m/cars_3,/m/771432063,16/06/2017,National Catholic Register,fresh,,B-,"At this point it seems like too much to hope for that any Pixar sequel, let alone a Cars sequel, should function smoothly from start to finish, but at least it ends well."
192,https://www.rottentomatoes.com/m/cars_3,/m/771432063,16/06/2017,Christian Science Monitor,fresh,Top Critic,B-,"It's a reasonably diverting, somewhat sluggish attempt to reinstall the ""heart"" of the first installment."
193,https://www.rottentomatoes.com/m/cars_3,/m/771432063,16/06/2017,Sci-Fi Movie Page,fresh,,3.5/5,"While you still need to get around those uncomfortable questions like ""where do the car children come from?"" and ""how do they handle tools without thumbs?"" this go 'round at least ensures a few tangible rewards if you do."
194,https://www.rottentomatoes.com/m/cars_3,/m/771432063,16/06/2017,Forbes,fresh,,,"[T]he best of the series, a sumptuous visual treat with great humor, a big heart, and surprisingly strong messages about inclusion and self-worth."
195,https://www.rottentomatoes.com/m/cars_3,/m/771432063,16/06/2017,Common Sense Media,fresh,,4/5,"Some intense scenes in story of empowerment, mentorship."
196,https://www.rottentomatoes.com/m/cars_3,/m/771432063,16/06/2017,The Film Stage,rotten,,C-,The worst Pixar to date.
197,https://www.rottentomatoes.com/m/cars_3,/m/771432063,16/06/2017,Time Out,rotten,Top Critic,3/5,"It's all well and good for the under-12s, but this movie never packs the kind of emotional punch we know Pixar is capable of."
198,https://www.rottentomatoes.com/m/cars_3,/m/771432063,16/06/2017,ABC Tucson,fresh,,3/4,"Whether or not another Cars movie follows, the series is now back in the fast lane."
199,https://www.rottentomatoes.com/m/cars_3,/m/771432063,16/06/2017,ScreenRant,fresh,,3/5,"Cars 3 offers more heartfelt storytelling and rich animation than its predecessor, yet falls short of raising the bar for the Cars franchise."
200,https://www.rottentomatoes.com/m/cars_3,/m/771432063,16/06/2017,Cinemalogue,rotten,,,It seems the 11-year-hold franchise refuses to acknowledge its own platitudes about retiring with dignity.
201,https://www.rottentomatoes.com/m/cars_3,/m/771432063,16/06/2017,Chesapeake Family Magazine,fresh,,4/5,"Pixar recovers from the nearly intolerably busy Cars 2 with the gently insightful Cars 3, which tells a story about inclusion and purpose that will resonate."
202,https://www.rottentomatoes.com/m/cars_3,/m/771432063,16/06/2017,HollywoodInToto.com,rotten,,2.5/4,The mediocre franchise returns with an aggressively mediocre sequel.
203,https://www.rottentomatoes.com/m/cars_3,/m/771432063,16/06/2017,Screen It!,fresh,,,"The vocal work is solid to excellent, while the computer animation is nothing short of amazing to behold. (Full Content Review for Parents - Scary Scenes, etc. - also Available)"
204,https://www.rottentomatoes.com/m/cars_3,/m/771432063,16/06/2017,Movie Nation,rotten,,1/4,"Surpasses ""Monsters University"" to become the worst Pixar movie ever -- not a laugh in it."
205,https://www.rottentomatoes.com/m/cars_3,/m/771432063,16/06/2017,Globe and Mail,rotten,Top Critic,2/4,We get a lot of repetitive racetrack scenes - only a demolition derby stands out for the inventiveness of its animation - and a familiar message about believing in yourself.
206,https://www.rottentomatoes.com/m/cars_3,/m/771432063,16/06/2017,New England Movies Weekly,rotten,,2.5/5,It will keep the young fans happy... but lacks the emotional impact of the far more involving Toy Story sequels.
207,https://www.rottentomatoes.com/m/cars_3,/m/771432063,16/06/2017,Detroit News,fresh,Top Critic,B-,"""Cars 3"" hums along the track, and while its heart and humor could use minor tune-ups, it does enough visually to earn a checkered flag and keep this franchise from the scrapheap - for now, at least."
208,https://www.rottentomatoes.com/m/cars_3,/m/771432063,16/06/2017,Deadline Hollywood Daily,fresh,,4/5,The warmth and heart are back full force in this third-times-the-charm edition of Disney/Pixar's charmer of an animated franchise.
209,https://www.rottentomatoes.com/m/cars_3,/m/771432063,15/06/2017,leonardmaltin.com,fresh,,,Saying that Cars 3 is better than its predecessor isn't much of a compliment. What matters more is that it hearkens back to original 2006 Cars and winds up on a surprisingly thoughtful note.
210,https://www.rottentomatoes.com/m/cars_3,/m/771432063,15/06/2017,Tri-City Herald,rotten,,1/5,"Pick a description: sputters and stalls, runs out of gas, starts out with four flats, name one, the list is endless."
211,https://www.rottentomatoes.com/m/cars_3,/m/771432063,15/06/2017,NYC Movie Guru,rotten,,5/10,"Great visual effects and musical score, but it falls flat with dullness while being too low on wit and humor. Sometimes the third time's the charm, but that's not the case with Cars 3 ."
212,https://www.rottentomatoes.com/m/cars_3,/m/771432063,15/06/2017,Movie Mom,fresh,,B,"If we feel disappointed, it is only because they have set the bar so high."
213,https://www.rottentomatoes.com/m/cars_3,/m/771432063,15/06/2017,TheFilmFile.com,fresh,,2.5/4,"""Cars 3"" features a rather standard champion-turned-underdog plot, but has several things going for it. This second sequel finds a story fit for telling in a follow-up worthy of succeeding the original film."
214,https://www.rottentomatoes.com/m/cars_3,/m/771432063,15/06/2017,Tampa Bay Times,fresh,,B,Cars 3 is a better time at the movies than Cars 2 led me to expect. Not exactly ringing praise but we take amusement from sequels where we can get it these days.
215,https://www.rottentomatoes.com/m/cars_3,/m/771432063,15/06/2017,Combustible Celluloid,fresh,,3/4,"Manages to stay on the road with a measure of charm and goodwill, as well as a nice touch of the bittersweet."
216,https://www.rottentomatoes.com/m/cars_3,/m/771432063,15/06/2017,CNN.com,rotten,Top Critic,,"Pixar's level of ambition has always gone beyond producing movies strictly for children, which makes the retread aspects of something like Cars 3 feel a bit more deflating."
217,https://www.rottentomatoes.com/m/cars_3,/m/771432063,15/06/2017,Film Racket,rotten,,2.5/5,There's a baby car cheering on McQueen in the stands - where does he come from exactly?
218,https://www.rottentomatoes.com/m/cars_3,/m/771432063,15/06/2017,Nerdist,rotten,,2.5/5,"While Pixar is hardly averse to treating its audience surrogates to the pangs of growing up, Lightning's isn't a reflection of the new worlds that young viewers might themselves be taking on."
219,https://www.rottentomatoes.com/m/cars_3,/m/771432063,15/06/2017,National Post,rotten,,2/4,"Pixar's animated films remain at their best when the company gives free reign to creativity. Just because actual cars come off a conveyor belt doesn't mean movies about them should feel like they do, too."
220,https://www.rottentomatoes.com/m/cars_3,/m/771432063,15/06/2017,Toronto Sun,fresh,Top Critic,3.5/5,It's surprising that the slick-looking Cars 3 picks up steam in the emotional big-picture department.
221,https://www.rottentomatoes.com/m/cars_3,/m/771432063,15/06/2017,Fort Worth Weekly,fresh,,,"Instead of trying to expand the Cars universe, this third installment brings its cocky hero face to face with his sporting mortality and finds an emotional wellspring that brings up some good things."
222,https://www.rottentomatoes.com/m/cars_3,/m/771432063,15/06/2017,ComingSoon.net,fresh,,6.5/10,"Competing subplots and a lack of clarity on who the focus is leaves Cars 3 driving in circles, yet somehow still the best Cars film."
223,https://www.rottentomatoes.com/m/cars_3,/m/771432063,15/06/2017,Toronto Star,fresh,Top Critic,3/4,"Cars 3 happily gets back to where it belongs, not just to home turf Radiator Springs (for a brief spell) but also to the storytelling essentials of making us care about anthropomorphic automobiles."
224,https://www.rottentomatoes.com/m/cars_3,/m/771432063,15/06/2017,NPR,fresh,Top Critic,,"While the third Cars lap is an improvement over the zero-depth spy spoofery of the second film, it's not very convincing when it tries to peddle the sense of an ending."
225,https://www.rottentomatoes.com/m/cars_3,/m/771432063,15/06/2017,Los Angeles Times,fresh,Top Critic,,"This warmly sentimental G-rated film about facing new realities and recapturing lost dreams has, despite its relatively adult story line, a beguilingly effortless feeling to it, as if it had nothing to prove."
226,https://www.rottentomatoes.com/m/cars_3,/m/771432063,15/06/2017,Las Vegas Weekly,rotten,,2.5/5,"The world of anthropomorphic vehicles is still colorful and lovingly detailed, but the plot is slow-moving and dull, rehashing elements of the first movie."
227,https://www.rottentomatoes.com/m/cars_3,/m/771432063,15/06/2017,Mark Reviews Movies,rotten,,2/4,"The underwhelming Cars 3 is the best movie in the series, which says more about the quality of the series than this particular installment."
228,https://www.rottentomatoes.com/m/cars_3,/m/771432063,15/06/2017,EricDSnider.com,rotten,,C-,A boring existential drama about an aging racer's fear of obsolescence. Whee! Vrooom!
229,https://www.rottentomatoes.com/m/cars_3,/m/771432063,15/06/2017,Wall Street Journal,rotten,Top Critic,,"[Cars 3] feels like the series, at the end of the road, is running on fumes of nostalgia for its earliest self."
230,https://www.rottentomatoes.com/m/cars_3,/m/771432063,15/06/2017,CineXpress,fresh,,2.5/5,The most emotional and mature delivery of the series. [Full review in Spanish]
231,https://www.rottentomatoes.com/m/cars_3,/m/771432063,15/06/2017,Chicago Daily Herald,rotten,,2/4,"Even with an abundance of full-throttle races (rendered in splendid, detailed animation), Cars 3 doesn't travel all that fast for its 111-minutes, prompting some viewers to perhaps check the clock -- not in a good way."
232,https://www.rottentomatoes.com/m/cars_3,/m/771432063,15/06/2017,Chicago Sun-Times,fresh,Top Critic,3/4,"Cars 3 is a lovely, clever and entertaining generational tale with tons of heart, a simple and effective storyline, wonderful candy-colored visuals and winning voice work from the talented cast of returning regulars and welcome newcomers."
233,https://www.rottentomatoes.com/m/cars_3,/m/771432063,15/06/2017,Akron Beacon Journal,rotten,,2/4,"It's a stretch to find much joy to take from this story, which chronicles the decline of said Lightning McQueen."
234,https://www.rottentomatoes.com/m/cars_3,/m/771432063,15/06/2017,SFist,fresh,,,"Happily, Cars 3 feels like a course correction, with Mater once again relegated to the role of comic relief and Lightning McQueen back in the lead."
235,https://www.rottentomatoes.com/m/cars_3,/m/771432063,15/06/2017,Washington Post,rotten,Top Critic,2.5/4,"""Cars 3"" feels like it may be time for a trade-in."
236,https://www.rottentomatoes.com/m/cars_3,/m/771432063,15/06/2017,TIME Magazine,fresh,Top Critic,,"While all Pixar movies are fine-tuned to keep adults as well as kids engaged, it's still fascinating to see workaday grownup fears addressed so openly."
237,https://www.rottentomatoes.com/m/cars_3,/m/771432063,15/06/2017,Cinemaclips.com,fresh,,3/5,The freewheeling 'Cars 3' keeps the series on track.
238,https://www.rottentomatoes.com/m/cars_3,/m/771432063,15/06/2017,Austin Chronicle,rotten,,2/5,"Their attention to background animation, be it, gravel, mud, or chunks of steel-belted radial tire debris coming at you in 3-D fires on all cylinders, and the voice acting is bang-on. The story... has a much less firm grip on the track."
239,https://www.rottentomatoes.com/m/cars_3,/m/771432063,15/06/2017,We Got This Covered,fresh,,6/10,"Cars 3 isn't remarkable or groundbreaking or even all that memorable, but it's a rock-solid movie that leaves a far better taste in the mouth than its critically panned predecessors."
240,https://www.rottentomatoes.com/m/cars_3,/m/771432063,15/06/2017,One Guy's Opinion,rotten,,C+,"An amiable but instantly forgettable addition to the series, yet another sign that the Pixar brand is no longer the guarantee of high quality it once was."
241,https://www.rottentomatoes.com/m/cars_3,/m/771432063,15/06/2017,Bullz-Eye.com,fresh,,3/5,"Cars 3, much like Toy Story 3, is the perfect opportunity for Pixar to walk away from a much-loved franchise with its head held high, but of course they won't, because money."
242,https://www.rottentomatoes.com/m/cars_3,/m/771432063,15/06/2017,Daily Film Fix,fresh,,7/10,...a visually impressive film offering plenty of family fun.
243,https://www.rottentomatoes.com/m/cars_3,/m/771432063,15/06/2017,Film Journal International,fresh,,,The Cars franchise regains some of its mojo as veteran racing star Lightning McQueen faces up to his ebbing powers.
244,https://www.rottentomatoes.com/m/cars_3,/m/771432063,15/06/2017,Blu-ray.com,fresh,,B,"With this second attempt to expand the world, the pieces fit, giving fans what they want, and doing so with style, heart, and less Mater."
245,https://www.rottentomatoes.com/m/cars_3,/m/771432063,15/06/2017,Boston Globe,fresh,Top Critic,2.5/4,"No matter how slack the storytelling can get, the animation conveying that storytelling is borderline miraculous."
246,https://www.rottentomatoes.com/m/cars_3,/m/771432063,15/06/2017,Kansas City Star,fresh,,3/4,"By returning to its roots, the series rediscovers its sense of purpose - and its heart."
247,https://www.rottentomatoes.com/m/cars_3,/m/771432063,15/06/2017,Chicago Tribune,rotten,Top Critic,2/4,"The first ""Cars,"" such as it is, remains the most appealing in a relatively weak field. But if ""Cars 3"" pays for another ""Ratatouille"" or ""Inside Out,"" I say: slum away, slum away."
248,https://www.rottentomatoes.com/m/cars_3,/m/771432063,14/06/2017,Arizona Republic,fresh,Top Critic,3.5/5,A kinetic and emotionally resonant sports film that's big on character - and blessedly light on Mater.
249,https://www.rottentomatoes.com/m/cars_3,/m/771432063,14/06/2017,NOW Toronto,fresh,,3/5,"Does the world need three Cars movies? Probably not. But after 11 years, various spinoffs and a crap-ton of merchandising, Pixar's talking-vehicles franchise finally produces an instalment that feels like it's about something."
250,https://www.rottentomatoes.com/m/cars_3,/m/771432063,14/06/2017,Birth.Movies.Death.,fresh,,,The first of these films to not feel like a commercial for a t-shirt or an amusement park ride.
251,https://www.rottentomatoes.com/m/cars_3,/m/771432063,14/06/2017,New York Times,fresh,Top Critic,,"If you can roll with it, the movie is both breezy fun and a pain-free life lesson delivery vehicle."
252,https://www.rottentomatoes.com/m/cars_3,/m/771432063,14/06/2017,Rolling Stone,fresh,Top Critic,3/4,The end goal this time out isn't just to sell a few more toys and Lightning McQueen lunchboxes. It's actually tapping into something deeper than a corporate bottom line.
253,https://www.rottentomatoes.com/m/cars_3,/m/771432063,14/06/2017,San Francisco Chronicle,rotten,Top Critic,2/4,"""Cars 3"" goes through lots of predictable paces, and for all the emphasis on speed, it takes a long time getting to where it's going."
254,https://www.rottentomatoes.com/m/cars_3,/m/771432063,14/06/2017,Cinema Runner,rotten,,,"On the whole, though, Cars 3 feels like a typical sports movie: not meant for me, but amusing enough to keep me from falling asleep."
255,https://www.rottentomatoes.com/m/cars_3,/m/771432063,14/06/2017,Philadelphia Daily News,rotten,,2.5/4,"Has a too-many-cooks feel throughout, and coheres only in the final minutes ..."
256,https://www.rottentomatoes.com/m/cars_3,/m/771432063,14/06/2017,EntertainmentTell,fresh,,3.5/5,Surprisingly winning. It expands on the virtues of the first film while all but pretending the second one never happened (Splice Today)
257,https://www.rottentomatoes.com/m/cars_3,/m/771432063,14/06/2017,Associated Press,rotten,Top Critic,,"Lacking the magic of Pixar's more tender touchstones, Cars 3 mostly makes you pine for the halcyon summers of Ratatouille or WALL-E, an era that unfortunately continues to recede in the rearview."
258,https://www.rottentomatoes.com/m/cars_3,/m/771432063,14/06/2017,Collider,fresh,,3/5,"There's nothing particularly wrong with Cars 3, but there's also nothing that shows the franchise has found a new gear."
259,https://www.rottentomatoes.com/m/cars_3,/m/771432063,14/06/2017,Groucho Reviews,fresh,,3/4,Gets the franchise back on track with a story that U-turns to the heart of the 2006 original.
260,https://www.rottentomatoes.com/m/cars_3,/m/771432063,14/06/2017,RogerEbert.com,fresh,Top Critic,2.5/4,"Despite its lack of originality, as well as its lackadaisical storytelling and world building, it satisfies in that amiably weird way that only a Cars film can."
261,https://www.rottentomatoes.com/m/cars_3,/m/771432063,14/06/2017,AV Club,rotten,Top Critic,C,"Pixar's brand can withstand some damage, but there's no denying that a cornball time-burner of a sequel like Cars 3 counts as a big loss."
262,https://www.rottentomatoes.com/m/cars_3,/m/771432063,13/06/2017,Cine Premiere,fresh,,3.5/5,"Less frantic and more thoughtful than its predecessors, Cars 3 manifests itself as an emotional love letter to Cars of 2006. [Full review in Spanish]"
263,https://www.rottentomatoes.com/m/cars_3,/m/771432063,13/06/2017,Consequence of Sound,fresh,,B-,"First-time director Brian Fee wisely steers the film back to the tone on which it started, one of great affection for big race days and bygone traditions."
264,https://www.rottentomatoes.com/m/cars_3,/m/771432063,13/06/2017,CBR,fresh,,,"Cars 3 is a bit all over the road...But I'd advise just give in and enjoy the joyride, bumpy, bonkers and bittersweet as it is."
265,https://www.rottentomatoes.com/m/cars_3,/m/771432063,13/06/2017,Slant Magazine,rotten,,2/4,Cars 3 doesn't seem to care about defining the contours of its universe or exploring the possibilities of an all-car world.
266,https://www.rottentomatoes.com/m/cars_3,/m/771432063,13/06/2017,Seattle Times,fresh,Top Critic,3.5/4,"Solid storytelling, a longtime strength of the best Pixar pictures, elevates ""Cars 3"" into the pantheon with the studio's finest."
267,https://www.rottentomatoes.com/m/cars_3,/m/771432063,13/06/2017,Village Voice,fresh,Top Critic,,"The thoughtful, thrilling finale retroactively complicates and improves much of the film that it caps, and it left me thinking something else impossible: I'd kind of like to see what happens in Cars 4."
268,https://www.rottentomatoes.com/m/cars_3,/m/771432063,13/06/2017,Tribune News Service,rotten,Top Critic,1.5/4,The female empowerment subplot feels hollow because it's clearly just more brand extension -- little girls can be consumers of toy cars too! -- than any sort of story development with heartfelt meaning.
269,https://www.rottentomatoes.com/m/cars_3,/m/771432063,13/06/2017,JoBlo's Movie Emporium,fresh,,7/10,"Much better than the first, abysmal, sequel."
270,https://www.rottentomatoes.com/m/cars_3,/m/771432063,13/06/2017,Forbes,fresh,,7.0/10,A self-critical subversion of the conventional comeback narrative which also operates as a metaphorical defense of the CARS franchise.
271,https://www.rottentomatoes.com/m/cars_3,/m/771432063,13/06/2017,Polygon,fresh,,,"Cars 3 is both the end of an era and the beginning of a promising future, all wrapped up in an enjoyable, but messy 90-minute film."
272,https://www.rottentomatoes.com/m/cars_3,/m/771432063,12/06/2017,Nerd Report,rotten,,,"I would love to say one of these movies is the fastest, most furious Pixar movie but they can't even give me that! It's right there!"
273,https://www.rottentomatoes.com/m/cars_3,/m/771432063,12/06/2017,CraveOnline,rotten,,,"Tells a story that only middle-aged adults staring down the barrel of retirement can fully appreciate, but tells it in such a way that only the littlest of kids could possibly be entertained."
274,https://www.rottentomatoes.com/m/cars_3,/m/771432063,12/06/2017,indieWire,fresh,Top Critic,B+,"This is a sturdy, mature sports movie about the aging process that -- if the anthropomorphized vehicles were swapped for humans -- wouldn't look out of place in Rocky's oeuvre."
275,https://www.rottentomatoes.com/m/cars_3,/m/771432063,12/06/2017,Den of Geek,fresh,,3.5/5,"It's not a great movie but Cars 3 gets the franchise off the scrap heap and has its moments, like a pleasant, diverting drive that leaves you back right where you started."
276,https://www.rottentomatoes.com/m/cars_3,/m/771432063,12/06/2017,Entertainment Weekly,fresh,Top Critic,B-,"[Director Brian] Fee steers Cars 3 like the sleek piece of movie machinery it is -- a standard ride with a half-full tank, a gorgeous paint job, and not much at all under the hood."
277,https://www.rottentomatoes.com/m/cars_3,/m/771432063,12/06/2017,Screen International,rotten,,,"In ""Cars 3,"" champion racer Lightning McQueen grapples with the possibility that his glory days are behind him -- an uncomfortably apt metaphor for a franchise that has run out of gas."
278,https://www.rottentomatoes.com/m/cars_3,/m/771432063,12/06/2017,Vox,fresh,,3/5,"It's not to the level of that first film, but its amiable, ambling nature keeps it from becoming too boxed in by its needlessly contorted plot."
279,https://www.rottentomatoes.com/m/cars_3,/m/771432063,12/06/2017,IGN Movies,fresh,,7.8/10,"The Cars series finally finds its inner Pixar in its third, much more thoughtful installment."
280,https://www.rottentomatoes.com/m/cars_3,/m/771432063,12/06/2017,Hollywood Reporter,rotten,Top Critic,,"While visually dynamic, Lightning McQueen's newest challenge still feels out of alignment with a languid end result that lacks sufficient forward momentum."
281,https://www.rottentomatoes.com/m/cars_3,/m/771432063,12/06/2017,Variety,fresh,Top Critic,,"""Cars 3"" is very much a tale of mentorship, of learning how to give up your ego in order to bolster someone else's. As such, it's touching in a pleasingly formulaic, pass-the-torch way."
282,https://www.rottentomatoes.com/m/cars_3,/m/771432063,12/06/2017,USA Today,fresh,Top Critic,2.5/4,Some punny lines are painful ... and the plot doesn't even pretend to be unpredictable. But Cars 3 at least tries to put a little extra in the tank this time around.
283,https://www.rottentomatoes.com/m/cars_3,/m/771432063,12/06/2017,Newark Star-Ledger,rotten,Top Critic,2/4,"You know those family movies Pixar really makes for smart adults, too? Movies like ""Wall-E"" and ""Inside Out"" and ""Up!"" that combine fun animation with touching, even bittersweet stories? ""Cars 3"" is not one of those movies."
284,https://www.rottentomatoes.com/m/cars_3,/m/771432063,12/06/2017,We Live Entertainment,fresh,,8/10,"Cars 3 is inspiring, heartfelt, and fun. It's everything I wanted from the first two films and a lot more."
285,https://www.rottentomatoes.com/m/cars_3,/m/771432063,12/06/2017,The Playlist,fresh,,A-,"""Cars 3"" is a welcome return to form that makes you appreciate what made the first, woefully underappreciated film so special and pushes the series into some unexpected places."
286,https://www.rottentomatoes.com/m/cars_3,/m/771432063,12/06/2017,CinemaBlend,rotten,,2.5/5,"Cars 3 is a definite improvement over Cars 2, but it does not even come close to achieving the emotional or dramatic heights that we have come to expect from a proper Pixar film."
287,https://www.rottentomatoes.com/m/cars_3,/m/771432063,12/06/2017,TheWrap,rotten,Top Critic,,"As a spawner of merchandise, Cars 3 fires on all pistons but, as a movie, it's a harmless but never stimulating 109 minutes."
288,https://www.rottentomatoes.com/m/cars_3,/m/771432063,12/06/2017,Metro,fresh,,3/5,There's something badass about a movie aimed squarely at kids that's all about the pains of getting old.
289,https://www.rottentomatoes.com/m/cars_3,/m/771432063,12/06/2017,Uproxx,fresh,,6/10,Who knew that adding some emotional weight and unconsciously using some themes from Rocky III could add a little much needed depth and humanity to these sentient automobiles?
290,https://www.rottentomatoes.com/m/cars_3,/m/771432063,12/06/2017,ScreenCrush,fresh,,7/10,"Not only the best Cars, but the most mature one as well."
291,https://www.rottentomatoes.com/m/twilight_zone_the_movie,/m/12706,05/09/2019,El Pais (Spain),rotten,,,These four short films are definitely only jokes. [Full Review in Spanish]
292,https://www.rottentomatoes.com/m/twilight_zone_the_movie,/m/12706,30/05/2019,Vanity Fair,rotten,,,"Almost nothing in [Joe Dante's] energetic segment has the sodden Aesop-on-Mars aura of the Serling oeuvre: it's the only one you don't feel you've already seen -- in black-and-white, twenty years ago, for FREE."
293,https://www.rottentomatoes.com/m/twilight_zone_the_movie,/m/12706,02/05/2018,Boston Globe,rotten,Top Critic,,Twilight Zone: The Movie fails because it tries to blend the spirit of the TV show into a medium whose spirit has evolved away from subtle storytelling. The result is like trying to merge a Wagner opera with a Debussy sonata.
294,https://www.rottentomatoes.com/m/twilight_zone_the_movie,/m/12706,02/05/2018,Boston Globe,rotten,Top Critic,,The problem is not only that the film is divided into four short stories but that each director only gives us a 25% effort.
295,https://www.rottentomatoes.com/m/twilight_zone_the_movie,/m/12706,14/10/2013,Quickflix,rotten,,2/5,"Only one thing about Twilight Zone: The Movie still haunts us today, and it wasn't intentional."
296,https://www.rottentomatoes.com/m/twilight_zone_the_movie,/m/12706,29/08/2013,The Film Yap,fresh,,3.5/5,"Where does it land? A fifth dimension beyond that known to most films. The middle ground between wowing & worthless, between so great & so what, and it lies between the pits of recklessly fatal hubris and the very summit of spirited genre filmmaking."
297,https://www.rottentomatoes.com/m/twilight_zone_the_movie,/m/12706,08/07/2013,Cinema Crazed,rotten,,,A bland and lazy rehash of the best episodes of the series...
298,https://www.rottentomatoes.com/m/twilight_zone_the_movie,/m/12706,24/06/2013,Mania.com,fresh,,B,"If the first half completely lost us, the second effortlessly added a few more sleepless nights to our tally."
299,https://www.rottentomatoes.com/m/twilight_zone_the_movie,/m/12706,14/09/2010,Common Sense Media,fresh,,3/5,"TV show is much better; some mature themes, violence."
300,https://www.rottentomatoes.com/m/twilight_zone_the_movie,/m/12706,20/10/2009,CinePassion,fresh,,,The last two segments are genuine bits of magnificence
301,https://www.rottentomatoes.com/m/twilight_zone_the_movie,/m/12706,18/05/2008,Variety,fresh,Top Critic,,"Plays much like a traditional vaudeville card, what with its tantalizing teaser opening followed by three sketches of increasing quality, all building up to a socko headline act."
302,https://www.rottentomatoes.com/m/twilight_zone_the_movie,/m/12706,10/12/2007,TV Guide,rotten,,2/4,A frightfully lopsided omnibus that begins with two wretched episodes by John Landis and Steven Spielberg and finishes with an engrossing pair by Joe Dante and George Miller.
303,https://www.rottentomatoes.com/m/twilight_zone_the_movie,/m/12706,20/10/2007,Movie Metropolis,fresh,,6/10,"...doesn't quite capture the magic of the old television series, but it makes a good stab at trying."
304,https://www.rottentomatoes.com/m/twilight_zone_the_movie,/m/12706,18/10/2007,Combustible Celluloid,fresh,,,"Like all anthology films, this one has its high and low points, and not where you'd expect."
305,https://www.rottentomatoes.com/m/twilight_zone_the_movie,/m/12706,09/10/2007,Filmcritic.com,fresh,,3.5/5,a roller-coaster homage to adolescence.
306,https://www.rottentomatoes.com/m/twilight_zone_the_movie,/m/12706,16/08/2007,Time Out,fresh,Top Critic,,"The others have a comic strip zeal which makes them intensely watchable, but ultimately it's left to Mad Max wizard Miller to steal the show."
307,https://www.rottentomatoes.com/m/twilight_zone_the_movie,/m/12706,16/09/2005,Worcester Telegram & Gazette,fresh,,3/5,
308,https://www.rottentomatoes.com/m/twilight_zone_the_movie,/m/12706,19/08/2005,About.com,fresh,,4/5,
309,https://www.rottentomatoes.com/m/twilight_zone_the_movie,/m/12706,14/08/2005,EmanuelLevy.Com,fresh,,3/5,
310,https://www.rottentomatoes.com/m/twilight_zone_the_movie,/m/12706,17/06/2005,One Guy's Opinion,rotten,,2/5,
311,https://www.rottentomatoes.com/m/twilight_zone_the_movie,/m/12706,08/04/2005,Catholic Sun,fresh,,3/5,
312,https://www.rottentomatoes.com/m/twilight_zone_the_movie,/m/12706,23/10/2004,Chicago Sun-Times,rotten,Top Critic,2/4,"The surprising thing is, the two superstar directors are thoroughly routed by two less-known directors whose previous credits have been horror and action pictures."
313,https://www.rottentomatoes.com/m/twilight_zone_the_movie,/m/12706,30/08/2004,New York Times,rotten,Top Critic,2/5,"...a flabby, mini-minded behemoth..."
314,https://www.rottentomatoes.com/m/twilight_zone_the_movie,/m/12706,19/08/2004,Spirituality and Practice,fresh,,3/5,Twilight Zone takes us back to Rod Serling's television dimension where things are not what they seem and fate is full of devious twists and turns.
315,https://www.rottentomatoes.com/m/twilight_zone_the_movie,/m/12706,29/01/2004,EnPrimeur.ca,fresh,,3/5,
316,https://www.rottentomatoes.com/m/twilight_zone_the_movie,/m/12706,19/12/2003,Las Vegas Review-Journal,fresh,,3/5,
317,https://www.rottentomatoes.com/m/twilight_zone_the_movie,/m/12706,20/11/2003,Eclipse Magazine,rotten,,2/5,
318,https://www.rottentomatoes.com/m/twilight_zone_the_movie,/m/12706,24/05/2003,Film4,rotten,,,"Four big-name directors were each to helm a segment, but only Dante's cheerfully manic It's a Good Life and Miller's claustrophobic Nightmare at 20,000 Feet really pass muster."
319,https://www.rottentomatoes.com/m/twilight_zone_the_movie,/m/12706,16/03/2003,Offoffoff,fresh,,4/5,
320,https://www.rottentomatoes.com/m/twilight_zone_the_movie,/m/12706,30/12/2002,Arkansas Democrat-Gazette,rotten,,2/5,
321,https://www.rottentomatoes.com/m/twilight_zone_the_movie,/m/12706,30/12/2002,Flipside Movie Emporium,rotten,,2/5,"Flawed and uneven, though George Miller's finale is a hoot."
322,https://www.rottentomatoes.com/m/twilight_zone_the_movie,/m/12706,07/11/2002,Zap2it.com,fresh,,3/5,"Despite the deaths, it's a decent film"
323,https://www.rottentomatoes.com/m/twilight_zone_the_movie,/m/12706,13/10/2002,"The Coast (Halifax, Nova Scotia)",fresh,,4/5,
324,https://www.rottentomatoes.com/m/twilight_zone_the_movie,/m/12706,30/08/2002,"Journal and Courier (Lafayette, IN)",fresh,,3/5,"Uneven adaptation of classic TV series. Some stories work, others don't, but Scatman Crothers steals his vignette."
325,https://www.rottentomatoes.com/m/twilight_zone_the_movie,/m/12706,08/08/2002,Urban Tulsa Weekly,fresh,,3/5,
326,https://www.rottentomatoes.com/m/twilight_zone_the_movie,/m/12706,26/07/2002,"Northwest Herald (Crystal Lake, IL)",rotten,,2/5,
327,https://www.rottentomatoes.com/m/twilight_zone_the_movie,/m/12706,01/01/2000,Chicago Reader,fresh,Top Critic,,"Miller [leaves] no doubt that he was the finest stylist to emerge in the early 80s, with a sense of narrative rhythm linked to visual development that is wholly original and ravishing."
328,https://www.rottentomatoes.com/m/twilight_zone_the_movie,/m/12706,01/01/2000,eFilmCritic.com,rotten,,2/5,"Even with big name additions and direction and huge budgets, this project was destined for mediocrity."
